ds,yhat,yhat_lower,yhat_upper
2013-01-01,237508.8843910154,-1503391.3398697264,1919933.9229412815
2013-01-02,7269822.649861908,5592806.556931688,9013362.796231166
2013-01-03,7128078.3480510125,5442118.637263161,8995045.661643216
2013-01-04,7453109.8681042865,5702285.737065038,9115668.113867154
2013-01-05,6094727.521253289,4507576.586515776,7739200.230665902
2013-01-06,-68517.42652885243,-1799266.5056111037,1657297.4583170214
2013-01-07,8479045.32055867,6823243.833219056,10134061.259191718
2013-01-08,7213424.202027233,5575079.171902068,9074819.25435561
2013-01-09,6803043.176779802,5151495.408109506,8533396.159418607
2013-01-10,6716480.892850209,5080683.75150758,8471702.387708945
2013-01-11,7098884.929866988,5400036.252541065,8897797.703856662
2013-01-12,5798954.89876313,4158535.5991583783,7629187.153718677
2013-01-13,-305837.1471561594,-2050671.0723814156,1388839.5106223696
2013-01-14,8299153.3287466895,6600055.753221186,10060236.55543274
2013-01-15,7088982.318703638,5457078.359032711,8773710.848937672
2013-01-16,6731211.971369516,5092742.350300744,8422424.145123059
2013-01-17,6693664.2078217855,5009187.758347177,8369274.006868192
2013-01-18,7120846.273177186,5408621.606284161,8809351.354693245
2013-01-19,5860941.842548396,4170928.2488441183,7494717.977774197
2013-01-20,-208963.93634421565,-1842117.584431446,1532301.8970314977
2013-01-21,8425516.87715849,6871942.494759696,10108826.920260087
2013-01-22,7239312.027984271,5616106.724524211,8899557.25225448
2013-01-23,6899978.761948969,5202580.37515823,8506291.861595761
2013-01-24,6875449.6670315135,5186999.764081605,8440988.019833378
2013-01-25,7310448.019262858,5467175.928439814,9040658.780456282
2013-01-26,6053466.644872257,4357619.759955301,7716529.976947199
2013-01-27,-18020.88375947997,-1790338.8645800678,1639793.9913229216
2013-01-28,8610826.083970878,6857097.302311299,10339608.083781205
2013-01-29,7415436.633698539,5816103.656408881,9138411.629624922
2013-01-30,7063902.134506876,5363921.272665064,8673585.095480422
2013-01-31,7024706.4966238635,5279609.591836711,8714579.947876995
2013-02-01,7443126.625996042,5729470.59826806,9072872.115458552
2013-02-02,6168197.479118154,4378623.192902565,7740510.39450784
2013-02-03,77910.86760606617,-1506903.6992963736,1821628.9971069484
2013-02-04,8687591.098110553,7035544.65215569,10322343.43326163
2013-02-05,7473107.545963257,5909824.369099441,9217814.173777021
2013-02-06,7102941.772017694,5309688.439562089,8805581.157626165
2013-02-07,7045913.170317028,5474181.077900047,8772333.35179431
2013-02-08,7447576.933436024,5619703.64983692,9111136.12538046
2013-02-09,6157188.6657781135,4495913.074074156,7974759.791632547
2013-02-10,52904.664440258406,-1522982.8236756038,1725089.6299685927
2013-02-11,8650160.756375868,6870134.387484597,10396222.017902194
2013-02-12,7424889.550815191,5805170.3013389455,9096571.636967912
2013-02-13,7045593.435934179,5298630.2995929895,8754318.456459276
2013-02-14,6981076.997461004,5272039.605736881,8741926.71424695
2013-02-15,7376852.320412002,5746127.471961998,9065812.254318692
2013-02-16,6082111.172031149,4475302.155659089,7908590.482782455
2013-02-17,-25067.23863097187,-1687144.26256165,1542307.8585120202
2013-02-18,8570669.656118177,6883589.141778632,10236041.664662698
2013-02-19,7345171.437145496,5670213.681339887,9055473.557791207
2013-02-20,6966863.177524532,5200057.813783154,8580924.629639888
2013-02-21,6904482.22737793,5287386.667715686,8638753.182423413
2013-02-22,7303486.620196243,5584593.159408921,9035194.310304847
2013-02-23,6013029.0097215045,4323959.939284923,7802026.174246907
2013-02-24,-88835.20016759168,-1855692.4046639365,1555904.9592905873
2013-02-25,8513237.075302675,6827889.781246779,10123622.618125122
2013-02-26,7295097.995742369,5554821.627428713,9043662.166865105
2013-02-27,6925183.874561522,5047722.906231138,8476642.565083273
2013-02-28,6872247.606130879,5285254.778894178,8656735.854685238
2013-03-01,7281761.978543254,5669888.802096123,8868695.053105323
2013-03-02,6002888.033284339,4238489.935316932,7687827.9714759085
2013-03-03,-86322.59105656855,-1761459.0066775752,1700821.1256504832
2013-03-04,8529451.563386116,6934431.253832876,10288382.788964327
2013-03-05,7326017.819917151,5725246.115779229,9007829.739113228
2013-03-06,6971739.737915962,5326491.195854101,8711404.467464676
2013-03-07,6935265.724869905,5183981.716272903,8649010.683420232
2013-03-08,7361929.651729696,5785307.257265416,9141745.089743225
2013-03-09,6100717.818724953,4477459.815533227,7777692.111605652
2013-03-10,29471.347966394387,-1480829.4789733707,1653245.666985523
2013-03-11,8663266.982164193,7002134.023938646,10425286.880395811
2013-03-12,7477636.26816072,5781945.856199174,9147756.906929927
2013-03-13,7140640.594738122,5539290.365854228,8822906.053206716
2013-03-14,7120605.915621195,5454175.613012342,8840407.504817512
2013-03-15,7562530.775973668,5837183.751400019,9292441.986290095
2013-03-16,6315061.792451287,4548141.498802045,7804375.088550511
2013-03-17,255705.41915387753,-1488361.1964316939,1927755.9924300774
2013-03-18,8899218.695529398,7167327.597013255,10597518.654044827
2013-03-19,7720838.63966985,6100414.904821742,9331038.574391913
2013-03-20,7388367.421196584,5589072.279119811,9044024.561956188
2013-03-21,7369916.798930864,5528360.363400583,8961352.965187304
2013-03-22,7810325.0975781735,6149186.57746009,9446050.335474169
2013-03-23,6558140.542059622,4899594.503212298,8330423.980569737
2013-03-24,490839.47539873794,-1166611.643104784,2261828.4739448675
2013-03-25,9123221.884055238,7363237.027708803,10754806.138220781
2013-03-26,7930643.667474907,6234616.267113315,9575997.977732347
2013-03-27,7581102.612655615,5972279.856833163,9221282.499826625
2013-03-28,7542981.446020295,5897041.9510297375,9372240.022437397
2013-03-29,290429.57741054427,-1323939.6942632988,2026138.3561435705
2013-03-30,6685498.6565931,4900811.936876627,8242020.560966211
2013-03-31,593036.7194445701,-1187962.6856629632,2281534.8630003594
2013-04-01,351372.99178675096,-1289646.1520790511,2096257.0252656308
2013-04-02,7980465.01062054,6303062.495009347,9626381.09462689
2013-04-03,7604833.959794411,5994644.065158764,9388671.492097864
2013-04-04,7541462.626565859,5915571.233861595,9261079.23488065
2013-04-05,7936109.220231829,6080999.80922217,9639184.33583786
2013-04-06,6638286.492360731,5002392.827645295,8431182.734903332
2013-04-07,526456.812484894,-1117889.8368421607,2207340.801059392
2013-04-08,9116403.137407625,7446844.663189631,10841488.197728263
2013-04-09,7884435.972057145,6147617.034081895,9532122.935420044
2013-04-10,7499453.984053226,5877956.436739595,9195707.131044047
2013-04-11,7430662.367284347,5789387.210566351,9234988.944289412
2013-04-12,7823962.903213461,6112267.534552973,9504855.947526632
2013-04-13,6528910.260520546,4990155.153477288,8178228.659991135
2013-04-14,423903.80626209546,-1337521.4165991065,2139699.6573803984
2013-04-15,9024558.104148911,7297970.791661752,10683266.690643014
2013-04-16,7806912.271566939,5998649.390200787,9510290.64707559
2013-04-17,7439495.8493912965,5832119.722453239,9279205.259960504
2013-04-18,7391055.189544236,5814144.443717152,9118315.175581548
2013-04-19,7806954.137332023,5946661.317148006,9542613.49167445
2013-04-20,6536143.300048632,4803365.216298638,8305399.152983368
2013-04-21,456366.85360355675,-1276017.7347560886,2127165.598476504
2013-04-22,9082549.679744622,7384017.735113181,10898344.343349464
2013-04-23,7890024.567213321,6176977.109193673,9571520.80353005
2013-04-24,7546616.653189312,5796317.395321212,9303121.684253005
2013-04-25,7520388.603538318,5740434.65194823,9333937.487994244
2013-04-26,7956059.789141756,6252059.188300243,9577555.784316273
2013-04-27,6701993.230610641,5043964.98055504,8358576.348497401
2013-04-28,635418.7612224286,-1129868.4343718353,2222292.152512558
2013-04-29,9270834.72805571,7488043.755341256,10897553.65445881
2013-04-30,8083247.538332454,6406577.543096863,9813400.037103254
2013-05-01,158200.9775646869,-1554616.9121689606,1815119.9446819073
2013-05-02,7709852.655496024,6053008.085084119,9326092.719942365
2013-05-03,8136748.139852552,6388315.572634472,9792999.914872387
2013-05-04,6869457.204176932,5186181.210821638,8605564.108467663
2013-05-05,785469.8014427656,-811117.0130698795,2465012.158759218
2013-05-06,9399656.602665417,7523026.295411246,11170104.787879601
2013-05-07,8187499.387382381,6525253.2692994755,9862413.37846106
2013-05-08,7817173.197521146,6080411.286911914,9544086.25441452
2013-05-09,501067.6621928392,-1168425.8488837478,2168540.578429954
2013-05-10,8153273.615115976,6389421.801565284,9934439.054022966
2013-05-11,6854390.980571057,5156681.220254829,8514894.516868142
2013-05-12,738890.347331265,-978028.493571846,2380552.575832744
2013-05-13,9322407.621684466,7773940.367698731,11010581.899345571
2013-05-14,8081169.876985419,6466505.478059087,9785780.828184366
2013-05-15,7684057.301387795,5953344.77187325,9323856.7118104
2013-05-16,7600321.41508327,5830433.009047716,9245582.028802373
2013-05-17,7975973.515335717,6259743.689330321,9647121.503420202
2013-05-18,6660737.932612994,4918640.634808621,8320994.597848626
2013-05-19,533239.4476417219,-1143685.9591700092,2241063.3596796067
2013-05-20,392087.68173777964,-1351778.0747795212,2052207.9489703875
2013-05-21,7865482.060287853,6203195.062145527,9405229.96030225
2013-05-22,7470465.289410445,5659378.37768854,9098555.222526455
2013-05-23,7393445.994300818,5805016.359976589,9164917.636374801
2013-05-24,7780188.038093334,5952477.109210185,9378011.622333257
2013-05-25,6480050.90274867,4858574.338583306,8154447.113808682
2013-05-26,371187.0138971638,-1291892.2297865185,2229170.330790648
2013-05-27,8968919.496627312,7289360.488218261,10702869.683587065
2013-05-28,7748960.317644293,6076761.462902691,9512296.188050862
2013-05-29,7379486.202808589,5652709.942691019,8990416.179818366
2013-05-30,7328876.028577886,5626995.728807123,9054956.046269998
2013-05-31,7742123.126001053,6014701.870731009,9470957.596160287
2013-06-01,6467816.428122071,4856520.225476087,8188872.640828161
2013-06-02,383359.04440608807,-1316802.1660980086,1995628.4615477275
2013-06-03,9003366.681421947,7389867.032869053,10610779.07428938
2013-06-04,7802905.290670436,6172030.013685946,9629767.74884323
2013-06-05,7449584.784365653,5802042.853421771,9214334.689926947
2013-06-06,7411312.019727965,5498491.947068097,9034338.217179667
2013-06-07,7832716.053123728,6230602.092728771,9417482.761124935
2013-06-08,6562139.233354453,4916746.628658292,8212111.3993842555
2013-06-09,476862.4377960712,-1297126.0319717044,2253343.8628830565
2013-06-10,9091506.688991815,7517765.835181348,10835799.618496643
2013-06-11,7881270.442283814,6290397.866270959,9559964.33554704
2013-06-12,7514019.400578015,5803080.71342056,9246605.619448975
2013-06-13,7458032.16989881,5721468.16071171,9245074.84085218
2013-06-14,7858414.968361042,6147654.381447514,9589191.450851724
2013-06-15,6564079.25878093,4944676.794879472,8375508.738085084
2013-06-16,452950.9933067579,-1182502.07227325,2223411.4497531448
2013-06-17,9040354.162741644,7351173.892124263,10790721.041633254
2013-06-18,7802228.45453397,6146151.7035628045,9546547.216225158
2013-06-19,7407198.432928585,5726443.112549321,9040667.65097258
2013-06-20,7324298.139208745,5710575.485893345,9042923.987427428
2013-06-21,7699364.920333627,5967496.597590032,9324639.584870273
2013-06-22,6381996.944831575,4772137.289366458,8030799.4232593095
2013-06-23,250743.66051032394,-1466600.822407333,1981394.9255811204
2013-06-24,8821472.412763625,7188910.949581313,10512116.393805133
2013-06-25,7570571.499230208,5969529.238223311,9316457.076553164
2013-06-26,7167007.478404863,5555025.894686813,8832366.261306653
2013-06-27,7080040.954701967,5462675.88578972,8764160.40406673
2013-06-28,7455614.883453497,5681297.736717982,9163061.180888582
2013-06-29,6143309.996390137,4412053.36675056,7751085.223828668
2013-06-30,21536.64249665942,-1728959.0613062496,1801027.1874220595
2013-07-01,8605906.196398003,7007189.910002044,10303136.948566087
2013-07-02,7372442.1990145,5664584.004034945,9027132.904961413
2013-07-03,6989648.706549735,5340193.631468124,8544315.873224175
2013-07-04,6926239.826666228,5236100.0475341845,8606388.782992598
2013-07-05,7327544.028608178,5628670.85299106,8949832.57275976
2013-07-06,6042477.361635101,4404606.832330664,7765613.301402857
2013-07-07,-51245.646740282886,-1771503.056434205,1593778.4568208097
2013-07-08,8561279.189369746,6847636.080061839,10200342.281357395
2013-07-09,7355376.719617181,5538828.231161328,9021202.144219495
2013-07-10,6998880.278961577,5456592.368667924,8571453.58718099
2013-07-11,6959879.651678539,5413478.028260232,8810852.17284058
2013-07-12,7383142.2819729205,5711299.377720593,9145799.003188228
2013-07-13,6117101.376028743,4467744.391150551,7839092.020215201
2013-07-14,39079.24848175794,-1584227.7901681163,1615251.4880233204
2013-07-15,8663688.170049885,6902305.010404172,10263576.777956637
2013-07-16,7466067.999380136,5745201.556957485,9079517.238680242
2013-07-17,7113977.419609074,5311418.686128163,8619732.3907338
2013-07-18,7075542.032341912,5511480.825652203,8641127.88301938
2013-07-19,7495672.437006543,5840434.516808549,9170096.28669671
2013-07-20,6223046.0612447215,4557900.029745596,7914031.766728327
2013-07-21,135321.30813072994,-1482860.9049971213,1927420.7106035736
2013-07-22,8747526.577829514,6941541.0916397935,10425679.683557963
2013-07-23,7535283.82208459,6005871.264895346,9252042.31824148
2013-07-24,7166883.895353871,5486653.407429373,8895852.198003609
2013-07-25,7111017.449058846,5427999.584054828,8912416.271490872
2013-07-26,7513175.028857037,5829362.634783173,9243555.211990247
2013-07-27,6222610.693234069,4675776.853766427,8024872.362176647
2013-07-28,117538.27650839742,-1763506.4002055654,1701594.3571644118
2013-07-29,8713503.399224158,7096225.327124076,10518111.448379302
2013-07-30,7486591.400781913,5775152.16449013,9219763.685633922
2013-07-31,7105488.930536941,5550589.082818765,8873557.295076074
2013-08-01,7038391.370770864,5426925.758494893,8712107.716724982
2013-08-02,7431830.03190179,5811652.228556077,9085076.535989054
2013-08-03,6135193.82648503,4516995.756462543,7907762.710517499
2013-08-04,26734.593251193874,-1564482.172287218,1764068.902789095
2013-08-05,8621939.315837031,6979344.002183753,10171119.314690504
2013-08-06,7396741.382285552,5740676.471401395,9095216.070086472
2013-08-07,7019588.507697609,5384423.185984301,8775036.125180585
2013-08-08,6959171.276223566,5306927.665314123,8671067.01141288
2013-08-09,7360826.012960735,5614518.285386926,9092042.54250052
2013-08-10,6073506.197441255,4390290.895407721,7912305.584256515
2013-08-11,-25008.720178300515,-1724694.4300745875,1839828.6688887416
2013-08-12,8580275.592168001,6892108.070611106,10438116.784842074
2013-08-13,7364796.986080114,5745925.32381021,9062590.739725785
2013-08-14,6996522.269048762,5337519.480960228,8705922.751202065
2013-08-15,6943692.839589525,5243759.395836438,8618139.912292363
2013-08-16,7351243.687546457,5662023.244415017,9003129.71239213
2013-08-17,6067789.454004582,4348180.046450244,7758942.478479494
2013-08-18,-29154.060966395773,-1660675.8911952002,1669208.3750932228
2013-08-19,8575229.334621057,6835057.949898305,10357440.308636282
2013-08-20,7356292.470048459,5665074.210112821,9047070.656915363
2013-08-21,6982014.880433564,5193197.288549746,8585819.359455246
2013-08-22,6920749.926473624,5236120.962029794,8631056.77349822
2013-08-23,7317642.056144314,5646928.330323164,8989489.030046647
2013-08-24,6021607.926113948,4210464.164190129,7690268.561671302
2013-08-25,-89450.10813263617,-1798031.337118702,1607404.9159274474
2013-08-26,8499744.361828692,6723184.534662579,10209572.01900378
2013-08-27,7265064.60906757,5609338.006354713,8988408.92037353
2013-08-28,6875055.23881894,5216971.047715529,8491247.440340351
2013-08-29,6798661.997082799,5023197.636639812,8597270.351326287
2013-08-30,7181630.524739865,5433104.50240274,8932644.041640641
2013-08-31,5872248.711621673,4126476.7478289357,7628837.45073692
2013-09-01,-249800.16997957416,-2022420.579544781,1463129.1331852584
2013-09-02,8331273.34935331,6722715.603482926,9942551.446236828
2013-09-03,7091789.784521731,5385742.714158648,8880851.434601827
2013-09-04,6700659.235680723,4919810.044506369,8394990.787301006
2013-09-05,6627097.429972362,4995656.102285207,8311785.434447656
2013-09-06,7017013.316496018,5445204.138022321,8850256.445400469
2013-09-07,5719962.861146102,4093995.4352952605,7392867.521965102
2013-09-08,-385661.58023315296,-2074845.1683131002,1411512.69649329
2013-09-09,8215736.966991911,6410771.9550453145,9977902.361361789
2013-09-10,7000167.44664016,5376924.828355914,8664084.350838862
2013-09-11,6636114.982156492,5054237.755260933,8286978.995806981
2013-09-12,6592266.0238860035,4901029.403719413,8367903.472512891
2013-09-13,7013908.267658524,5494541.529604517,8777000.26844164
2013-09-14,5749899.676254944,3956041.905197084,7657274.028747902
2013-09-15,-322124.4200210711,-1963712.782585814,1507405.818032451
2013-09-16,8312636.653246915,6657596.509050834,10028350.994800193
2013-09-17,7129377.4888380915,5361245.771801824,8900880.421874566
2013-09-18,6795772.915771104,5053601.412920448,8431118.350181334
2013-09-19,6779725.512959817,5027848.689381964,8472218.853013342
2013-09-20,7225787.51513847,5540258.883469129,8934406.883572968
2013-09-21,5982150.809253748,4211333.459304768,7638157.466756858
2013-09-22,-74126.6128488183,-1740743.7490283279,1523174.8084465838
2013-09-23,8571284.48221368,6917262.755189588,10210633.8650756
2013-09-24,7393227.600467933,5740088.025097488,8996695.253487721
2013-09-25,7059158.153361051,5284051.528726736,8693637.553247983
2013-09-26,7036898.792953669,5330113.235917912,8550336.185600737
2013-09-27,7471065.389864223,5853396.886737133,9149804.18449465
2013-09-28,6210057.203512986,4522180.802568842,7960076.346269961
2013-09-29,131279.56939117424,-1518907.0215516132,1866469.2703772972
2013-09-30,8748463.557766547,7012442.26147131,10447218.917534258
2013-10-01,7538131.226429939,5881240.903162264,9050925.403175892
2013-10-02,7168445.004390067,5429430.55311461,8755435.219752992
2013-10-03,430890.2660401147,-1254113.9519718622,2214348.3344335123
2013-10-04,7502345.492934125,5904526.516843686,9079516.519574467
2013-10-05,6200721.336215456,4480188.942696,7845615.079111552
2013-10-06,81488.56738637108,-1619873.133523933,1774110.9495235977
2013-10-07,8660386.816860333,6945011.499638052,10264278.144096652
2013-10-08,7413764.800600527,5615558.419865483,9081119.363893913
2013-10-09,7010639.501881558,5352105.155521284,8842714.21182916
2013-10-10,6920411.348742731,5193246.350498771,8589223.68969966
2013-10-11,7289249.436435733,5574873.392249191,8878889.199621525
2013-10-12,5967041.473724115,4242689.970080824,7622234.660270877
2013-10-13,-167422.09925689455,-1793079.7125909885,1512883.511260494
2013-10-14,8401913.558365956,6777810.550153067,10067794.05353112
2013-10-15,7151567.310463627,5420185.992005392,8982165.063295882
2013-10-16,6750577.522387012,4991518.40467168,8464386.601434533
2013-10-17,6668217.662263825,5022563.811620856,8383240.848524991
2013-10-18,7050386.070780639,5297916.6556162285,8730600.167694349
2013-10-19,5746564.45806048,4019723.272774115,7418694.767391716
2013-10-20,-364985.6602296997,-2020691.5344953067,1443978.6712581199
2013-10-21,8231154.450880757,6528307.795338358,9954809.690802185
2013-10-22,7010779.096603096,5334367.843980181,8822927.792498473
2013-10-23,6642134.816754878,5062216.955848936,8423778.89298574
2013-10-24,6593659.031275152,4855395.093098003,8321165.066336859
2013-10-25,7010394.058402996,5212138.7768617645,8723558.590607608
2013-10-26,5740970.373913218,4012164.9318586816,7377231.678651355
2013-10-27,-337172.3833929207,-2152292.8252516813,1288937.5624783887
2013-10-28,8290615.674139332,6557975.356596508,10017431.111731563
2013-10-29,7099435.127994146,5440015.684513585,8728067.471104376
2013-10-30,6756564.898419392,5032039.7736362675,8467098.343119018
2013-10-31,6730324.665742348,5002641.9906859845,8569121.28955884
2013-11-01,7165395.987940016,5447075.398192034,8916828.408834264
2013-11-02,5910184.547174625,4405644.771340465,7599959.954579187
2013-11-03,-157952.75908810552,-1819139.3941570017,1558483.4464989135
2013-11-04,8475695.157949997,6739975.772539055,10114493.690723207
2013-11-05,7286431.646574108,5657680.851592316,8968437.063384993
2013-11-06,6942242.262051255,5315711.10255314,8446547.05392426
2013-11-07,6911539.85376032,5186904.231787348,8748466.175358579
2013-11-08,7339577.969393323,5628192.619296567,9040152.225509545
2013-11-09,6075426.431157294,4317574.049236193,7753900.426956386
2013-11-10,-2822.2227245066315,-1799857.6661924003,1485601.338634242
2013-11-11,8620327.287851283,6855480.436002235,10332966.823192978
2013-11-12,7420986.44627755,5853060.838928052,9222163.221418647
2013-11-13,7067947.317899013,5410725.400260299,8681027.621034898
2013-11-14,7030401.831548026,5330878.36018185,8736291.77140926
2013-11-15,7454329.877724962,5785268.036362633,9112277.646298774
2013-11-16,6189450.804283738,4519813.262818537,7872466.890720573
2013-11-17,114407.69939636905,-1472315.0562932836,1777904.3725343
2013-11-18,8745127.826571712,6981016.193038278,10484404.462137576
2013-11-19,7558019.6412703665,5800759.669950565,9182536.242575152
2013-11-20,7222024.364252819,5570570.95722644,8870676.020037472
2013-11-21,7206326.492824775,5540996.560232402,8876283.882949423
2013-11-22,7656737.448430596,5922373.231781252,9342683.960525924
2013-11-23,6422647.109709428,4610382.807137005,8053663.882152802
2013-11-24,382212.6637396617,-1369041.0212653023,2198390.272524077
2013-11-25,9050728.06087486,7401937.971790707,10545542.295451842
2013-11-26,7903834.298736697,6267376.066843259,9618172.590309715
2013-11-27,7609588.189894056,5880617.31004031,9312111.710243782
2013-11-28,7636193.564157182,5902457.721352592,9361171.050902346
2013-11-29,8128390.256315348,6451507.426348302,9677292.64659469
2013-11-30,6934486.621047184,5292531.28148393,8604876.115643045
2013-12-01,931521.1231696028,-734110.0938605415,2524596.923234552
2013-12-02,9633678.770099591,8033805.5426873155,11244496.630884815
2013-12-03,8515530.254476756,6759404.878529807,10096454.762466166
2013-12-04,8244129.018997363,6551741.249332095,9902709.48987717
2013-12-05,8286769.445127873,6626200.878575224,9937407.726224164
2013-12-06,8787419.119186508,7207011.744033409,10446897.950327793
2013-12-07,7593718.648979479,5977071.88642071,9328207.10543233
2013-12-08,1582217.1919329306,-106112.74327382124,3105755.808603994
2013-12-09,10266785.74433008,8429726.287896752,12015769.595304627
2013-12-10,9121867.254569434,7392186.631262307,10816213.749310782
2013-12-11,8814580.152526166,7127804.576884641,10487317.785660546
2013-12-12,8812478.315662924,7224986.884422599,10501976.810593778
2013-12-13,9259980.367838318,7495719.995378908,10882325.328968255
2013-12-14,8005361.849514016,6345508.541134503,9719120.035110448
2013-12-15,1925978.607928426,210009.43260973998,3575173.6037707804
2013-12-16,10536663.761351641,8905466.16284117,12290276.344003798
2013-12-17,9312957.710890543,7540619.35725973,11019807.626767894
2013-12-18,8923188.300781015,7278071.05145552,10631523.053184718
2013-12-19,8836204.736862138,7122099.757279912,10676325.438828519
2013-12-20,9197778.81599411,7459721.002642869,10946816.46521292
2013-12-21,7857567.708547396,6334135.672184146,9515942.857422028
2013-12-22,1694307.3768019946,-24128.689343543596,3449823.3427926847
2013-12-23,10224179.725657215,8510107.03706435,12030088.579137506
2013-12-24,8924013.692837879,7217830.448733234,10623973.07563723
2013-12-25,333342.250781605,-1361543.287212197,2074002.1260733726
2013-12-26,148771.73637798615,-1451274.4487878978,1909249.9969170273
2013-12-27,8616995.891175412,6990576.141614529,10288616.665767537
2013-12-28,7228511.3597835945,5527674.923061524,8942948.22022389
2013-12-29,1026002.5540719954,-634397.4843411008,2711921.5492082946
2013-12-30,9526103.306551483,7821064.200990321,11275874.96407328
2013-12-31,8205906.878381362,6507710.397752458,9940832.997665474
2014-01-01,240449.79591940623,-1382163.6312672817,1963853.227231784
2014-01-02,7583261.254273151,5849397.24640182,9332977.842614615
2014-01-03,7897071.440645544,6229441.9974644985,9696646.494975844
2014-01-04,6526442.755404121,4834885.4352682615,8217258.834714088
2014-01-05,350123.6385524003,-1199759.3688303484,2111399.3660387867
2014-01-06,8883989.669479676,7160078.74567838,10576854.613682162
2014-01-07,7604257.966048398,5890817.876969886,9358533.856003039
2014-01-08,7179559.92376475,5426264.028345671,8809948.473243127
2014-01-09,7078675.940435619,5321190.197103983,8715326.21027516
2014-01-10,7446945.510431594,5719213.348073375,9110838.85045046
2014-01-11,6133246.567622376,4462505.7715655565,7886638.7340181805
2014-01-12,15212.612646090798,-1569479.7385926887,1647408.8063089896
2014-01-13,8607630.009074263,6937957.680709366,10417617.264525538
2014-01-14,7385674.8003163915,5689029.9084995,9049450.495380802
2014-01-15,7017005.876920582,5343945.581926696,8679896.857702488
2014-01-16,6969517.69524977,5181121.169243782,8662805.470317073
2014-01-17,7387765.565559598,5628560.173165178,9031501.435149325
2014-01-18,6119957.107626457,4579259.605749616,7810729.628495082
2014-01-19,43178.220103876665,-1482260.5246113173,1690745.6709644957
2014-01-20,8671795.853846166,7033533.930751748,10372165.183160448
2014-01-21,7480696.938894245,5735416.9334103335,9036132.960077312
2014-01-22,7137380.385692413,5454350.838249575,8907568.456875784
2014-01-23,7109705.537584249,5474637.868416841,8820205.206775228
2014-01-24,7542310.347537337,6002555.02124594,9276417.109644528
2014-01-25,6283593.200596886,4661048.5993391415,7917118.595684339
2014-01-26,210927.1097565759,-1611178.017201224,1911447.1426281636
2014-01-27,8839049.00074806,7207987.4669504585,10527304.835052243
2014-01-28,7643283.891781505,5950583.981906453,9463252.427387025
2014-01-29,7291621.362637415,5665645.768033553,8884690.315818915
2014-01-30,7252448.163327646,5617213.7803469915,8986699.828568596
2014-01-31,7670950.6992750075,5966420.572744188,9347264.904789124
2014-02-01,6396081.751941189,4579355.278256096,8145732.971815598
2014-02-02,305760.56150543597,-1413568.5515007547,1954524.8461766376
2014-02-03,8915249.338419639,7380912.300763166,10703811.744731985
2014-02-04,7700366.30394494,5987369.4154940955,9356886.743680816
2014-02-05,7329552.88195718,5616082.190706451,9040829.950407306
2014-02-06,7271599.054219407,5546083.03561701,8934359.974262299
2014-02-07,7672040.702571605,6046202.736696064,9356469.944712844
2014-02-08,6380123.313529333,4749054.635671036,8036902.57105794
2014-02-09,274001.11873597186,-1262057.3434168238,1885649.3309328898
2014-02-10,8869114.618632955,7105735.202058533,10571279.527013864
2014-02-11,7641406.410699322,5964858.011184269,9408574.714909365
2014-02-12,7259392.71493263,5514544.115641729,9049424.00812755
2014-02-13,7191894.33658814,5396388.289958247,8837805.229561446
2014-02-14,7584440.586797211,5724060.9326705355,9248064.498180168
2014-02-15,6286240.21303303,4598484.789151464,7993043.768385945
2014-02-16,175388.08214730024,-1515722.081505563,2003143.418148198
2014-02-17,8767250.234893067,7177735.453686351,10354285.94523287
2014-02-18,7537686.9212052515,5771197.159330652,9289061.423466535
2014-02-19,7155130.721351451,5430688.732695824,8927894.328824818
2014-02-20,7088323.241374068,5407547.422776045,8935997.837285783
2014-02-21,7482723.694481393,5793043.160933532,9008735.853968864
2014-02-22,6187483.26260301,4547509.051726346,7764025.948712841
2014-02-23,80653.8757170653,-1822810.896860654,1679601.6367919403
2014-02-24,8677573.982783508,6949516.865635732,10482960.883580744
2014-02-25,7454090.934305361,5791914.796734589,9005249.45953414
2014-02-26,7078637.150925335,5393105.889684705,8776885.679966806
2014-02-27,7019963.688462526,5280079.134294115,8627932.510665227
2014-02-28,7423544.681128172,5756543.555568419,9141280.938402744
2014-03-01,6138546.771281216,4467728.170741229,7721819.409621463
2014-03-02,43032.40751933679,-1574077.1021480833,1826549.5291044088
2014-03-03,8652339.85514415,6996611.474482857,10278366.06911211
2014-03-04,7442299.823336469,5744399.022281882,9273450.610750973
2014-03-05,7081306.169539859,5317866.320723138,8757761.333387123
2014-03-06,7038044.57145424,5407545.177693486,8827680.603051057
2014-03-07,7457892.909881055,5756400.132062581,9128929.778222254
2014-03-08,6189887.701939621,4508759.511010686,7849987.506220673
2014-03-09,111925.6647431897,-1544095.7600309474,1718426.5327269512
2014-03-10,8739143.403467637,6876216.309372322,10579056.871536767
2014-03-11,7547135.228773989,5897228.865340477,9221980.982916735
2014-03-12,7204026.608246654,5427536.829435575,8872949.829114545
2014-03-13,7178207.128953181,5403390.137456212,8831581.945598757
2014-03-14,7614736.6417592205,5875340.895065489,9298097.862248246
2014-03-15,6362318.797096506,4680035.033658995,8059064.127467668
2014-03-16,298510.86807434075,-1304755.024635557,2051697.7388147435
2014-03-17,8938112.622644471,7285620.716948665,10563765.30608615
2014-03-18,7756393.974387348,6065415.435798031,9448784.221352661
2014-03-19,7421178.60957992,5748362.438593204,9104310.559155779
2014-03-20,7400587.13559013,5753668.104855263,9215527.364896487
2014-03-21,7839453.077606679,6155542.070358027,9589216.518424062
2014-03-22,6586305.587334401,4761257.263117932,8260784.240410018
2014-03-23,518587.4244240755,-1306110.461924512,2299126.049494359
2014-03-24,9151050.658017851,7457141.054185816,10807184.21689685
2014-03-25,7958989.536840423,6231820.799946894,9526241.609742252
2014-03-26,7610327.486323233,5930761.761388567,9228251.275690079
2014-03-27,7573361.590427944,5817747.986622192,9246647.772331862
2014-03-28,7993177.756282876,6225737.4648633255,9732019.044800652
2014-03-29,6718630.361680253,5021375.2469423115,8564016.478792371
2014-03-30,627554.9486026987,-950782.9326718588,2410351.2024894487
2014-03-31,9235156.4858323,7568234.787783486,11006247.019560758
2014-04-01,8017232.789862817,6348182.347676466,9679656.132961892
2014-04-02,7642250.272179218,6007058.869529509,9297004.951729001
2014-04-03,7579075.640879694,5973000.241707005,9188149.867148703
2014-04-04,7973377.079148587,6345015.047744083,9598080.05332718
2014-04-05,6674589.070680298,4955128.786302929,8409550.839424137
2014-04-06,561109.8419607971,-1168190.9620051847,2180750.0533647137
2014-04-07,9148674.37140983,7383743.229226692,10771415.636750838
2014-04-08,7913562.997182822,6276899.523127441,9613584.341094242
2014-04-09,7524663.229193621,5853984.289472551,9231365.211538283
2014-04-10,7451188.816393482,5676432.816109617,9184657.737374803
2014-04-11,7839069.987219883,6230588.888691963,9453416.973273434
2014-04-12,6537909.387183235,4955852.026849258,8436535.0684066
2014-04-13,426172.98605523165,-1161832.195760178,2115313.9431595406
2014-04-14,9019559.144831743,7354200.3469522,10681405.916854229
2014-04-15,7794206.044086909,6124545.625802233,9545982.988543771
2014-04-16,7418755.172937876,5773777.578011517,9045429.95943889
2014-04-17,7362074.941939576,5699783.558680745,9156374.421041824
2014-04-18,98626.65700745303,-1589905.134570086,1794572.620252667
2014-04-19,6490588.506161024,4869039.101580494,8129175.866005078
2014-04-20,402742.7621385809,-1254713.9607697756,1993945.066631997
2014-04-21,173158.5720153898,-1467466.2444442753,1912165.6963064123
2014-04-22,7821342.164839897,6105000.3076873915,9596338.863201816
2014-04-23,7471180.400110975,5872568.996711014,9197103.961785486
2014-04-24,7438851.955265364,5903178.478100943,9125917.741354302
2014-04-25,7869159.127765137,6090388.269606424,9611706.197353953
2014-04-26,6610529.296300374,4832603.247646085,8325218.001467288
2014-04-27,540236.165778175,-1192755.9823993144,2258902.774581585
2014-04-28,9172800.089120137,7583149.914485816,10756361.639510775
2014-04-29,7983226.816347589,6220147.059626058,9662305.017254177
2014-04-30,7639101.507080784,5923079.306023903,9404123.235411502
2014-05-01,26276.334871947765,-1642770.6944655413,1693205.5310737316
2014-05-02,8035618.869904641,6287875.023726031,9625062.348715778
2014-05-03,6769352.379318894,5181633.573731866,8423928.726466313
2014-05-04,686927.1946239322,-1087416.4316984813,2310578.6978419223
2014-05-05,9303094.66778605,7536458.521624483,10918999.635035845
2014-05-06,8093205.561754464,6506482.700870835,9825442.781839918
2014-05-07,7725295.667344043,6211076.008452428,9468866.17095526
2014-05-08,7667826.939528181,5888899.170221504,9270920.747344492
2014-05-09,8066097.471090704,6315439.3864604235,9853616.799758099
2014-05-10,6769214.282074618,5042363.356688014,8444456.51336002
2014-05-11,655297.7213506782,-981584.1343903764,2415684.009360951
2014-05-12,9239860.279753001,7574935.412026604,10816146.973391341
2014-05-13,7999019.72000838,6182035.699142346,9740475.763054911
2014-05-14,7601564.033210076,5910938.576286169,9244687.665584253
2014-05-15,7516672.20662817,5822899.5229553385,9164462.585640071
2014-05-16,7890304.688188517,6246746.473594836,9494175.170159701
2014-05-17,6572158.07244514,4905653.604883048,8219435.892404223
2014-05-18,440853.3152296366,-1192929.2734681224,2141055.3372652945
2014-05-19,9012300.735323837,7384621.044550699,10750491.544984715
2014-05-20,7762902.104318883,6025054.135695991,9522693.643391496
2014-05-21,7361607.653139019,5690734.281128469,9105823.263908692
2014-05-22,7277632.21470991,5566046.270459347,8863377.59370658
2014-05-23,7656844.52912859,5934218.915765751,9438857.480994437
2014-05-24,6348724.2820002055,4625724.308481931,7968258.1309329895
2014-05-25,231556.12853421085,-1463836.4439525248,2015508.416154413
2014-05-26,8820803.811451484,7086873.354912916,10539160.195551395
2014-05-27,7592324.42890157,5819124.730871457,9296533.509501584
2014-05-28,7214440.349983297,5642436.877125993,8782799.571741829
2014-05-29,-100543.51420509163,-1912005.4268034312,1525352.2329528632
2014-05-30,7561149.173149287,5915890.642932302,9191564.227244653
2014-05-31,6279582.600187145,4531976.478110121,7943818.202577905
2014-06-01,188484.97629340645,-1586429.9909069568,1926490.3176952929
2014-06-02,8802563.449417565,7113362.18823481,10486610.671148123
2014-06-03,7596955.341116131,5914013.518557312,9302863.181377113
2014-06-04,7239319.909940746,5573304.680914395,8853121.497624649
2014-06-05,7197589.997701641,5527710.887005329,8934667.119063312
2014-06-06,7616396.597990788,5953254.307770816,9169770.376398291
2014-06-07,6344059.934198057,4599741.588404529,8045370.0587864
2014-06-08,257815.35147336498,-1535732.2183414162,1921266.0518492719
2014-06-09,154935.7702156445,-1475494.1649529743,1918508.2950222376
2014-06-10,7662373.246244541,5992461.603881141,9392732.878082095
2014-06-11,7296046.562694273,5590453.036256227,9112202.048770223
2014-06-12,7241394.556693328,5595598.313091646,9003398.29523671
2014-06-13,7643391.848530332,5951633.828062178,9431102.103908898
2014-06-14,6350810.624168957,4681309.200758493,8073394.896440503
2014-06-15,241433.76225985214,-1585651.0363879176,1878520.6271608882
2014-06-16,8830442.359224323,7212101.302218627,10584100.72685711
2014-06-17,7593637.343399249,5814787.366913966,9243263.981002374
2014-06-18,7199512.4799991185,5487661.7339162035,8808170.034137728
2014-06-19,7116982.557507014,5304179.90592344,8909182.084340507
2014-06-20,7491780.46259385,5729866.207108807,9114728.011277247
2014-06-21,6173417.512294188,4469250.291911094,7857541.460064357
2014-06-22,40376.21935064066,-1605543.9075464653,1908104.2693097133
2014-06-23,8608478.646697631,6944037.782598626,10293876.92401605
2014-06-24,7354090.579951027,5608528.067629507,8946762.780437078
2014-06-25,6946179.306443368,5206457.231696827,8662267.877926081
2014-06-26,6854029.213556265,5229036.708958905,8496755.6796577
2014-06-27,7223629.258256472,5452710.382693059,8813518.54915969
2014-06-28,5904626.936339912,4204372.598259146,7564285.4098585285
2014-06-29,-224481.90918247215,-1993650.4591176887,1591499.5187311936
2014-06-30,8352015.78286816,6565173.394020873,10041536.102192856
2014-07-01,7110258.420504084,5338031.421016701,8835233.609079577
2014-07-02,6718874.801090202,5102470.171574328,8384142.7797585875
2014-07-03,6646710.053390673,5000677.4377752775,8331628.057402071
2014-07-04,7039226.216629539,5272545.312367297,8690299.461702572
2014-07-05,5745471.690839889,4091573.7055949853,7539042.993021491
2014-07-06,-356711.56086366717,-2115835.580828573,1354555.9153633981
2014-07-07,8247699.650983412,6478053.882670279,9974236.861424265
2014-07-08,7034137.510828454,5362626.917019534,8735045.932232918
2014-07-09,6670528.154779446,4986462.002890437,8314265.881799484
2014-07-10,6625037.222996917,4963279.548795526,8436900.204910953
2014-07-11,7042489.178812091,5442532.160040603,8584708.346075151
2014-07-12,5771354.090766738,3978193.8167225695,7485170.480278033
2014-07-13,-311029.73521148134,-1902713.103659744,1283024.4561890834
2014-07-14,8309944.999834574,6508361.692730982,9922785.894972915
2014-07-15,7109392.74708446,5357120.265936637,8835553.993137334
2014-07-16,6755027.473006049,5083718.151482772,8494222.025101617
2014-07-17,6714912.440301302,4987178.203298073,8381797.805467246
2014-07-18,7133880.479756856,5428729.609972636,8765291.115823332
2014-07-19,5860518.449034134,4200697.018454139,7660208.922723665
2014-07-20,-227615.63857752923,-1853697.0895349584,1679902.3771687434
2014-07-21,8384399.649588879,6712817.025724966,9947564.983230744
2014-07-22,7172076.122767489,5450720.077713883,8885435.42972489
2014-07-23,6803594.776388954,5145979.686940048,8629057.41400201
2014-07-24,6747540.094851351,5002238.545197237,8500418.967438614
2014-07-25,7149303.403806308,5552792.404675846,8921762.462006437
2014-07-26,5858049.490921365,4193821.270372032,7631676.929470218
2014-07-27,-248084.4718953017,-1994325.594729867,1357061.2512431394
2014-07-28,8346385.354009723,6598535.258536541,10263580.007294852
2014-07-29,7117499.0414661225,5511622.753630891,8853096.721739631
2014-07-30,6733915.801959613,5046175.458460305,8419774.222289251
2014-07-31,6664633.985036271,4855159.028542249,8378364.825634459
2014-08-01,7055382.342235695,5331148.423296387,8818886.363831878
2014-08-02,5755577.1008499665,4163860.200155657,7465436.997162184
2014-08-03,-356485.83641113434,-2026200.2250821933,1401537.502585776
2014-08-04,8234739.652382056,6545541.380244719,9781883.349417036
2014-08-05,7005259.009069637,5292739.615727142,8708088.23854932
2014-08-06,6623602.343360245,4921186.526385529,8270612.705884467
2014-08-07,6558550.065208692,4839061.036155069,8155177.989058247
2014-08-08,6955532.604475376,5477368.5027583875,8667425.446973493
2014-08-09,5663598.528613157,3932020.3365573655,7420844.100180752
2014-08-10,-439379.97674514446,-2219970.793951406,1296249.0189108031
2014-08-11,8161678.534435602,6421331.549788009,9711742.422380274
2014-08-12,6942290.306405484,5269088.358069861,8417331.906839777
2014-08-13,6570488.987595524,4749533.145200205,8416215.552437743
2014-08-14,6514568.794687437,4833765.784067735,8204277.888421947
2014-08-15,6919501.482655363,5258898.980937622,8570546.620951083
2014-08-16,5633920.881572596,4025923.353705814,7376376.529697628
2014-08-17,-464656.55929884966,-2088734.85609731,1177502.3395296233
2014-08-18,8138567.092189778,6504711.9192881975,9817459.395702036
2014-08-19,6918907.738320734,5291333.952610439,8489512.441834297
2014-08-20,6544290.17158177,4837457.559663276,8164697.850508193
2014-08-21,6482996.634693828,4821359.382796938,8105327.116913244
2014-08-22,6880086.072779661,5080771.096528636,8511134.164012857
2014-08-23,5584377.73948626,3898429.4609894278,7269158.099298587
2014-08-24,-526332.4053918701,-2278661.6947019827,1129550.4923845043
2014-08-25,8063119.9034215575,6252104.180607111,9673030.816680852
2014-08-26,6828493.535074148,5163363.723210072,8527882.073690802
2014-08-27,6439011.116449213,4685346.753037186,8105448.216458588
2014-08-28,6362719.306100118,4674996.927663357,8060088.241709411
2014-08-29,6745264.303256125,5156342.433006561,8264256.662236172
2014-08-30,5436066.132487548,3768531.4733692408,7081556.466477536
2014-08-31,-686484.0010648342,-2436306.4361257153,908547.3128471125
2014-09-01,7893348.6369980965,6346377.457209855,9542386.45690683
2014-09-02,6651849.737331891,4897555.70019333,8231846.18995731
2014-09-03,6257916.128082467,4737779.3849478755,7951727.140333115
2014-09-04,6180772.8448719885,4497728.359067981,7760147.730448657
2014-09-05,6566361.101574785,4771991.863393751,8160346.75578403
2014-09-06,5264291.78791228,3449977.8406975954,7013636.239696562
2014-09-07,-846966.1285951762,-2585120.504901731,761447.7698706518
2014-09-08,7748280.999958242,6185088.262738206,9456674.722276257
2014-09-09,6526156.609460844,4931102.715953412,8241064.473107932
2014-09-10,6155275.3320231605,4380903.063672449,7848288.99073464
2014-09-11,6104464.855494315,4340118.0511452155,7800534.920398896
2014-09-12,6519162.157699408,4801441.093725189,8249530.11049891
2014-09-13,5248378.548904614,3635636.9950302476,6972349.896520772
2014-09-14,-830097.3909948999,-2513713.278360542,762539.9929479064
2014-09-15,7798683.934724158,6155053.776468816,9500951.04397756
2014-09-16,6610057.538516479,4926324.034651407,8350811.999552306
2014-09-17,6271826.1656150855,4694666.943953277,7935558.3836632315
2014-09-18,6252004.097646321,4536281.765679418,7882643.916551863
2014-09-19,6695235.748246159,4929581.534427743,8293117.134617947
2014-09-20,5449782.84737901,3848951.5359994746,7107580.573152609
2014-09-21,-607251.3349566581,-2362567.43762086,1098296.0875255119
2014-09-22,8038481.571505592,6317617.589216646,9731818.639033852
2014-09-23,6861817.194851158,5048697.955397294,8503897.418812951
2014-09-24,6530175.914683159,4776445.365267239,8233109.013285848
2014-09-25,6511318.803028841,4904594.45908874,8215718.02491212
2014-09-26,6950876.42034412,4970085.748295546,8605609.522775507
2014-09-27,5696036.593625128,4031617.139343304,7405448.716637413
2014-09-28,-375925.7692654468,-2032215.3421228242,1225976.308081184
2014-09-29,8249650.6194913555,6537382.907988231,9942568.274632746
2014-09-30,7048048.907099441,5333051.974814276,8744153.158613779
2014-10-01,6687261.175757462,5016676.58011438,8253116.499441449
2014-10-02,6635730.488229532,4762048.676135012,8283672.616129256
2014-10-03,361628.30991657637,-1354173.787644113,2061866.3457792986
2014-10-04,5745491.488995663,4093295.8586277342,7416811.580890521
2014-10-05,-365903.030432757,-2051322.4011796718,1249529.8717972194
2014-10-06,8220168.115855474,6417223.32643222,9854575.982205983
2014-10-07,6979921.543019369,5301707.887344875,8632973.465346472
2014-10-08,6582262.651862159,4857058.079486022,8185209.685758542
2014-10-09,6496503.712428563,4799261.655320746,8227179.592994391
2014-10-10,6868751.34886557,5174188.334420647,8519111.01552731
2014-10-11,5548858.039755294,3907079.492213346,7400363.906261068
2014-10-12,-584392.9644315643,-2280671.383680619,1131157.213036616
2014-10-13,7985074.049213564,6373226.459636845,9620843.356951881
2014-10-14,6733826.11882351,4898599.476505727,8312198.305685561
2014-10-15,6330975.565563287,4770410.478044269,8076286.690815692
2014-10-16,6245893.355333846,4523565.328345948,7929582.484743955
2014-10-17,6624595.971396261,4850686.166934671,8255163.29406142
2014-10-18,5316700.438166805,3655873.7887298265,6914221.434103235
2014-10-19,-799383.1943255197,-2557846.460651316,830529.5679948406
2014-10-20,7791921.244846063,6087993.882425229,9451518.19498505
2014-10-21,6566569.835600985,4910805.864917643,8261331.355362415
2014-10-22,6192970.553711198,4509877.498554541,8091846.984124689
2014-10-23,6139717.257660174,4449195.867989018,7687929.176346487
2014-10-24,6551999.200363072,4845665.667545789,8211305.727783159
2014-10-25,5278580.063870403,3564372.334904348,6857293.644669476
2014-10-26,-801700.2487094468,-2630719.552526707,811540.6748870044
2014-10-27,7824618.343661605,6118476.189975075,9517771.040260017
2014-10-28,6632707.67195587,4856734.772833581,8376955.116456498
2014-10-29,6290261.246782534,4636008.125018052,8008415.100187752
2014-10-30,6265248.733930507,4478038.107706843,7952888.932374053
2014-10-31,6702343.298891567,5057704.992968304,8484907.387422482
2014-11-01,5449915.297744138,3755552.790359378,7189679.518510162
2014-11-02,-614739.4901774852,-2331053.4323378154,1050866.486278496
2014-11-03,8023005.025921746,6385753.615652929,9738111.654824235
2014-11-04,6838345.948608305,5101072.770241173,8581530.932100128
2014-11-05,6499144.619350526,4743586.5439398205,8247768.778114343
2014-11-06,6473675.542672116,4871968.101960079,8121662.839109492
2014-11-07,6907044.077626073,5186092.07773999,8620705.081422169
2014-11-08,5648166.631495408,4036235.958592882,7425394.655382684
2014-11-09,-425018.08120500576,-1985668.7303697336,1301910.5267954653
2014-11-10,8202835.868222941,6508821.192982466,9990151.343035955
2014-11-11,7007699.889701872,5366415.287264098,8718846.950853355
2014-11-12,6658239.845610225,4919043.598757391,8350725.327979047
2014-11-13,6623539.579361122,5029970.946800966,8331221.278362825
2014-11-14,7049492.791670382,5357692.751755573,8852057.802392159
2014-11-15,5785757.734369186,4118795.827994997,7576994.510117668
2014-11-16,-289055.98410310876,-2067567.74875271,1423492.7908246464
2014-11-17,8340974.806210658,6683414.00701862,10115295.045449138
2014-11-18,7152284.813989962,5415128.4355955785,8788458.576051174
2014-11-19,6813871.97671201,5145363.764695684,8605215.644154875
2014-11-20,6795007.233035003,5118546.383748799,8575898.61484118
2014-11-21,7241616.588569155,5483010.24610856,8993888.095984971
2014-11-22,6003230.259077124,4349613.734674487,7663549.171322325
2014-11-23,-41831.61796431523,-1740595.5173842767,1533964.6902058297
2014-11-24,8621906.660034928,6971203.8077891,10240952.081975635
2014-11-25,7471221.072459184,5677355.779484351,9037277.02976615
2014-11-26,7173435.356686238,5473204.185816818,8900739.85966853
2014-11-27,7196963.46922715,5488452.671224136,8889120.395795755
2014-11-28,7686772.701014478,5899321.370641862,9370581.924793804
2014-11-29,6491355.793178642,4711820.626299226,8189677.11209719
2014-11-30,487942.1398121584,-1140892.628923849,2226812.8033529646
2014-12-01,9190890.778605448,7560164.971439503,10894774.840048328
2014-12-02,8074924.7771929735,6414553.460331224,9803912.57489855
2014-12-03,7807224.034004483,6047880.44315644,9673485.065466031
2014-12-04,7855179.808162585,5998550.275327068,9542460.244460266
2014-12-05,8362824.0310257515,6509618.819285819,9963125.003773166
2014-12-06,7177826.951411935,5455199.41381974,8939319.574085383
2014-12-07,1176731.334749123,-521425.5533468021,2959368.6560083427
2014-12-08,9873365.30256559,8249638.512483472,11544568.91949485
2014-12-09,8742092.88849912,7051716.129774786,10378275.546883518
2014-12-10,8449918.893937772,6694510.138836276,10123040.662164768
2014-12-11,8464251.030640509,6729228.081659799,10154069.11366976
2014-12-12,8929332.191765143,7388858.556633696,10566478.077694293
2014-12-13,7693236.314687267,5969975.136204353,9340282.078329483
2014-12-14,1633096.090461012,-120386.95398781015,3360982.7667103717
2014-12-15,10263504.764361605,8465529.345311254,12066188.94921479
2014-12-16,9059751.378881987,7552502.637235792,10843028.834964579
2014-12-17,8689906.42819937,7052899.078970749,10492036.91478568
2014-12-18,8622561.396070085,6857347.412244506,10322376.926941527
2014-12-19,9003235.589825837,7315886.091617871,10783562.400291653
2014-12-20,7681344.374662348,5883320.958461523,9399329.374721702
2014-12-21,1535397.7570486693,-142176.68978727006,3312018.296387712
2014-12-22,10081372.289853942,8262473.771293782,11889982.516873935
2014-12-23,8795916.392921861,7048382.19830128,10500883.341867384
2014-12-24,8348406.795293405,6645665.169589745,10096477.39233766
2014-12-25,78711.87386214733,-1567038.6420419933,1829985.2963162726
2014-12-26,360091.0134170456,-1326752.6665700031,1945018.944418087
2014-12-27,7142917.153967579,5440218.372761528,8750858.282874232
2014-12-28,946579.7867794828,-909263.9568172354,2657134.6456267526
2014-12-29,9451048.342606917,7708717.009093702,11273025.385716446
2014-12-30,8133467.923525215,6374689.6902872,9847926.688483715
2014-12-31,7663526.618563119,5880638.761938445,9312457.766098378
2015-01-01,16596.138821928762,-1567419.3666885681,1671460.8287010232
2015-01-02,7822952.428362044,6140823.882269712,9333744.372608855
2015-01-03,6449049.186483251,4738115.709221655,8249049.406470023
2015-01-04,268383.03224664275,-1391619.9086703213,1807094.7107385886
2015-01-05,8797023.957130857,7100569.913792021,10472306.043330895
2015-01-06,7511392.777676472,5881846.751846509,9222282.11986992
2015-01-07,7080329.158778098,5283920.542333427,8660101.944648763
2015-01-08,6972821.671325734,5210290.348765721,8598144.19464959
2015-01-09,7334413.383399471,5751608.323243033,9087857.932360824
2015-01-10,6014176.971343879,4247327.275629845,7555833.7572293775
2015-01-11,-110072.0157136321,-1866249.547699185,1502746.0541322161
2015-01-12,8476618.731365375,6706765.133578158,10197390.745199678
2015-01-13,7249572.213857611,5428976.336166137,8806321.95636654
2015-01-14,6876572.985828603,5138521.8789113965,8514629.76002222
2015-01-15,6825618.18194696,5291686.971485344,8490989.840577122
2015-01-16,7241341.748624047,5574220.705166141,8999223.722755885
2015-01-17,5972005.479003943,4343316.132713565,7700812.135038892
2015-01-18,-105274.81856456399,-1649147.032627522,1579732.343492029
2015-01-19,8523874.239452269,6825026.45966046,10131136.356558269
2015-01-20,7334323.865770088,5524062.006786199,9045772.632053718
2015-01-21,6993536.909995507,5423718.71291791,8646961.0806938
2015-01-22,6969318.525981097,5364649.646773094,8541785.08833307
2015-01-23,7406236.89098114,5715083.431215497,9152344.562125042
2015-01-24,6152607.832114308,4553908.94214271,7900610.944813052
2015-01-25,85711.899998595,-1659752.5497273689,1772016.6183213778
2015-01-26,8720186.710411327,7032403.024312854,10478957.890398499
2015-01-27,7531254.0771881575,5770748.100304547,9184185.757873775
2015-01-28,7186799.343570105,5430934.381665361,8786789.40939269
2015-01-29,7155106.668605823,5378411.765268039,8869767.575706085
2015-01-30,7581263.936545128,5894290.845808642,9311458.585532637
2015-01-31,6314131.591970144,4680655.835998905,8017367.110951203
2015-02-01,231544.48365425412,-1359634.70175595,1965726.9900400469
2015-02-02,8848689.752120145,7251096.882745811,10479028.51686185
2015-02-03,7641320.844145599,5852463.849019573,9293625.844704539
2015-02-04,7277825.272012365,5541550.485438308,9012476.64462285
2015-02-05,7226950.139832938,5508360.156751247,9039459.850617217
2015-02-06,7634199.282197535,5843530.33015089,9374976.734731546
2015-02-07,6348796.4243771415,4634517.046916237,8050819.023374494
2015-02-08,248883.48077343684,-1405802.2789058539,1925945.5297605267
2015-02-09,8849896.990684234,7103135.471422189,10391758.932899961
2015-02-10,7627782.670640525,6031819.023453432,9373512.804965694
2015-02-11,7251065.537374865,5592035.80611489,9101097.269212214
2015-02-12,7188579.405167879,5553135.57246854,8926361.378017621
2015-02-13,7585869.341112208,5942368.9006890785,9233877.49224929
2015-02-14,6292161.19048736,4635348.592832287,8108838.628300042
2015-02-15,185566.9703722298,-1603728.5681902717,1902774.8330730812
2015-02-16,8781468.799707245,7016560.398468216,10581974.040112399
2015-02-17,7555741.015613237,5735459.234746752,9226473.651651025
2015-02-18,7176827.612382765,5548614.139528977,8778482.519677255
2015-02-19,7113478.512641202,5459248.011529221,8809957.123968868
2015-02-20,7511157.9920625,5783515.931062823,9191231.471062664
2015-02-21,6219019.150880503,4442118.624758624,7900443.899185755
2015-02-22,115113.05758136138,-1635428.459678276,1760181.3266641547
2015-02-23,8714775.115757,7061311.116523107,10532069.561084006
2015-02-24,7493848.242917281,5886330.297935943,9229327.487261023
2015-02-25,7120759.99483573,5399233.795462459,8870365.88824365
2015-02-26,7064257.1995456545,5315825.7093238365,8739567.97366254
2015-02-27,7469811.531925362,5819078.290048335,9179413.514434446
2015-02-28,6186590.080807198,4531961.388418948,7868485.80086847
2015-03-01,92659.73723543808,-1672668.5955503378,1775959.0325183833
2015-03-02,8703368.192760706,6947798.929657107,10401091.892722003
2015-03-03,7494561.40151623,5800220.205820059,9313053.921990719
2015-03-04,7134654.9208242325,5501713.6802878855,8770049.538094966
2015-03-05,7092362.981684746,5410228.026331284,8721276.089863528
2015-03-06,7513099.002256013,5710676.635830677,9039717.592372915
2015-03-07,6245941.8627491705,4580092.607258452,7899025.1019148845
2015-03-08,168837.01168590412,-1539972.1174823442,1599063.8245632793
2015-03-09,8796975.398238812,7038292.677168742,10495935.138392696
2015-03-10,7606010.247276752,5896737.277339015,9260115.06234427
2015-03-11,7264129.205709277,5569141.95664243,8924797.22324633
2015-03-12,7239785.769754309,5514686.082209939,8834536.423952792
2015-03-13,7678103.70763573,6025201.769188972,9315064.902796809
2015-03-14,6427848.738320351,4682724.728875623,8054811.911180671
2015-03-15,366636.41999358963,-1367978.87612892,2126470.8824279304
2015-03-16,9009319.072925229,7279760.573230507,10659737.834350834
2015-03-17,7831211.531464048,6139314.484407213,9600532.061884511
2015-03-18,7500172.989303339,5745848.736241859,9191931.05361387
2015-03-19,7484348.547057834,5814591.325039492,9163259.630460188
2015-03-20,7928583.8502736455,6215257.020374394,9678435.565718457
2015-03-21,6681406.7363079535,5058755.55691948,8362194.621862523
2015-03-22,620244.49788778,-1185242.2974605733,2213608.1415929855
2015-03-23,9259819.248188116,7497664.638032236,10899401.15968826
2015-03-24,8075380.862509902,6318342.11382983,9791440.076638436
2015-03-25,7734794.469330022,6026244.723825145,9317779.0352269
2015-03-26,7706285.850243864,5944524.019437272,9303669.034038724
2015-03-27,8134857.934765574,6393745.782480613,9663542.829772327
2015-03-28,6869272.165336187,5120439.416932563,8574468.317479737
2015-03-29,787263.2590744635,-773799.4217645781,2544919.9600172504
2015-03-30,9403929.83780552,7611870.461992247,11108360.375622971
2015-03-31,8194960.457581982,6479258.356776329,9840894.899850732
2015-04-01,7828712.136144128,6154164.641403481,9478950.506843938
2015-04-02,7773944.930075332,6028911.006066162,9510887.229867382
2015-04-03,505194.3922577519,-1193592.5754313234,2167433.0505500794
2015-04-04,6884897.27593944,5367135.024218084,8616144.855659593
2015-04-05,778275.5329362806,-865568.3368920397,2598458.757022772
2015-04-06,524010.9598056171,-1169675.7543687848,2230178.436751563
2015-04-07,8142382.445810522,6313422.562036628,9812258.792915039
2015-04-08,7758192.009060059,6058556.603905288,9563888.233639665
2015-04-09,7688654.316430812,6039567.284674101,9525765.93396838
2015-04-10,8079703.1855972465,6356535.947863875,9713007.317383938
2015-04-11,6780964.748699144,5098692.568725088,8505052.581367942
2015-04-12,670948.1335951574,-1138202.297316195,2384419.0475563356
2015-04-13,9265413.76152576,7457736.333374756,10850505.775197046
2015-04-14,8040579.473716528,6227029.240773187,9769602.181402868
2015-04-15,7665182.212433612,5891442.052361587,9334935.116320282
2015-04-16,7608199.361100952,5951930.029823179,9296796.899420267
2015-04-17,8015243.647118973,6336106.766928894,9706107.454559324
2015-04-18,6735526.048077138,5095578.8319100095,8450028.183693016
2015-04-19,647055.8216597633,-1011142.3947390883,2324734.582748154
2015-04-20,9265020.634210726,7636452.561434451,10947347.16090974
2015-04-21,8065006.713929761,6437248.547963286,9681018.929864502
2015-04-22,7715076.400548368,5998965.092302422,9342240.472841775
2015-04-23,7683506.784526774,5981446.073547628,9317605.390524456
2015-04-24,8115202.8797517875,6446191.7005674485,9796470.130170604
2015-04-25,6858679.276276843,5129881.8982228,8470901.559635708
2015-04-26,791278.8788942732,-829096.0591404767,2351320.8822005345
2015-04-27,9427571.184877161,7734525.622570199,11175902.2381982
2015-04-28,8242589.514646081,6604833.351620152,9876155.831773687
2015-04-29,7903924.078023322,6123058.533786309,9724900.04507077
2015-04-30,7879474.1181816645,6234631.90034358,9587534.359703882
2015-05-01,731807.2974552028,-978663.570463882,2406634.013515869
2015-05-02,7055474.092984289,5345165.246862567,8812951.852903346
2015-05-03,981583.0725361276,-656365.8721608536,2747637.5293129706
2015-05-04,9606850.110497842,7978088.852326624,11229192.604061794
2015-05-05,8406510.077979123,6717464.8805518,10074206.742586289
2015-05-06,8048470.360821479,6401913.671743005,9757351.923007896
2015-05-07,8001055.38157284,6342439.72563233,9572844.889877178
2015-05-08,8409420.231562704,6744109.812448251,10121160.059149187
2015-05-09,7122527.291649619,5385055.223621764,8720714.308052247
2015-05-10,1018354.5329775363,-815112.1693787858,2687706.0661411257
2015-05-11,9612278.188819548,7921825.577861242,11295747.493459838
2015-05-12,8380289.596000729,6749624.264536358,10020186.340872638
2015-05-13,7991063.610632867,6282673.642292387,9680809.19436273
2015-05-14,657466.3856894076,-1157152.364130089,2399575.1715767644
2015-05-15,8294029.010264447,6577670.376170245,9960309.482416818
2015-05-16,6981743.34947117,5241448.913853062,8693172.873901496
2015-05-17,855412.8452533307,-784963.4295312334,2668527.8099927283
2015-05-18,9430937.974630529,7743230.643824246,11207753.514572123
2015-05-19,8184734.746468144,6483684.708746099,9812966.895940486
2015-05-20,7785791.351199566,6008435.832299659,9548657.720843928
2015-05-21,7703383.291050484,6049825.679339384,9396035.057169836
2015-05-22,8083461.043467534,6473098.250132773,9817734.513446376
2015-05-23,6775604.871959045,4988408.33246674,8435308.717849517
2015-05-24,658216.0979439504,-1118920.7263293415,2371568.1794683184
2015-05-25,529607.5464960933,-1082725.5906383193,2162555.6856762273
2015-05-26,8017616.602970364,6355740.697506728,9811851.646855641
2015-05-27,7638868.600468161,6039676.405299304,9291531.028182538
2015-05-28,7579310.914172859,6053948.191576352,9242670.799907153
2015-05-29,7984214.965361559,6243319.138150388,9809357.646275094
2015-05-30,6702430.164023999,4863843.873000735,8267163.123680696
2015-05-31,611595.2956100013,-1142962.7160175855,2187098.3042956456
2015-06-01,9226530.445762023,7633606.314998478,10874965.22782252
2015-06-02,8022469.023041027,6312619.258004886,9710193.545208022
2015-06-03,7667146.879879469,6025132.831460779,9294884.382010387
2015-06-04,7628551.860581606,5925718.494864953,9353717.669693083
2015-06-05,8051346.87398937,6375962.562647728,9835232.472872332
2015-06-06,6783860.120270883,5044720.844615285,8562479.313741948
2015-06-07,703310.7994068405,-962994.1302085817,2474172.3294560527
2015-06-08,9324212.523976685,7555610.789964697,10943877.010947715
2015-06-09,8121613.675030865,6470903.809866167,9857111.173915807
2015-06-10,7763191.469062075,6137403.095099873,9492642.434921155
2015-06-11,7717002.928069955,6017496.338360224,9385893.056852631
2015-06-12,8127905.813835827,6447642.048443109,9903943.650029905
2015-06-13,6844543.219525934,5175962.688545836,8480363.874348363
2015-06-14,744560.3087386359,-910273.8091465211,2500761.700021059
2015-06-15,9342995.682619616,7524143.030510958,10933503.61259241
2015-06-16,8115506.956709826,6415752.517066243,9741505.823602665
2015-06-17,7730447.737734288,5976337.558011816,9380070.930049289
2015-06-18,7656599.6778219715,5962251.291499693,9445272.71255257
2015-06-19,8039573.205021228,6334515.721490956,9761057.343422458
2015-06-20,6728771.195705238,5004777.266504198,8424449.138946824
2015-06-21,602584.6714820629,-1046482.745527553,2171394.1632514815
2015-06-22,9176763.595107505,7466870.989061738,10850230.253433695
2015-06-23,7927622.92699613,6200011.465888495,9513466.067410907
2015-06-24,7524101.680161404,5866946.237694287,9279245.940685516
2015-06-25,7435479.152403461,5704712.876831813,9113290.626142135
2015-06-26,7807762.373545042,6177483.591951443,9530301.767452998
2015-06-27,6490639.399221339,4825008.518181931,8164963.704703488
2015-06-28,362667.8148557674,-1291522.3361114666,2094214.6562966465
2015-06-29,8939641.712978456,7150581.788144606,10558612.746215286
2015-06-30,7697797.39725441,6105822.71450445,9391365.754282642
2015-07-01,7305875.542098805,5585766.914763107,9076147.023275992
2015-07-02,7232843.879305907,5511968.18536479,8863833.514689289
2015-07-03,7624294.245153904,6056891.831155352,9313428.021006063
2015-07-04,6329408.326123579,4591781.278750508,8071179.421753229
2015-07-05,226161.09199502692,-1577996.7496928081,1857236.4914064214
2015-07-06,8829704.735184789,6959272.977459578,10469856.351221586
2015-07-07,7615592.867745225,5953151.16518586,9310088.636575801
2015-07-08,7251862.162352258,5523470.899848217,8872364.177049885
2015-07-09,7206774.938771309,5459901.343772737,9044269.207605405
2015-07-10,7625235.951208202,5944970.520089114,9297014.526927628
2015-07-11,6355777.143338637,4564677.426189538,7983261.457938382
2015-07-12,275778.81362576596,-1423207.3169626005,2026229.2204104129
2015-07-13,8899869.503176717,7188560.078164092,10536148.111571906
2015-07-14,7703163.906663673,6023113.259676791,9416099.79249054
2015-07-15,7353355.609307068,5670984.862066946,9142178.201344661
2015-07-16,7318467.847365667,5616080.330508617,9098113.971627774
2015-07-17,7743275.3314096285,6056438.733897512,9278074.741950734
2015-07-18,6476290.777182119,4810925.765466779,8113374.000045293
2015-07-19,394984.56107502803,-1409171.6884968781,2143128.203972417
2015-07-20,9014179.885463346,7330101.371680989,10854628.479776856
2015-07-21,7809282.922070209,6093996.328663563,9498233.12662724
2015-07-22,7448364.993677713,5779645.749366856,9112258.097728716
2015-07-23,7399900.33149354,5636959.118403012,9055209.052180702
2015-07-24,7809172.858234523,6186503.136867343,9458224.831389694
2015-07-25,6525246.1118847355,4913232.595676267,8053352.4134402005
2015-07-26,426165.2420617966,-1276949.8014550651,2141499.641982026
2015-07-27,9027334.008663565,7374431.371993517,10623692.456298815
2015-07-28,7804726.807966367,6149986.839318464,9336265.625769777
2015-07-29,7426953.3397628665,5766737.633322079,9175608.884736672
2015-07-30,7362979.986134278,5739921.136506972,9106393.207275182
2015-07-31,7758521.84778133,5994698.197571237,9468132.545373412
2015-08-01,6462999.998122764,4860450.055482488,8090009.601510795
2015-08-02,354733.26767132897,-1228081.3589209,1934188.1145768028
2015-08-03,8949307.791814039,7347633.726745758,10579967.044059422
2015-08-04,7722784.566677408,6094055.121995463,9514560.10886741
2015-08-05,7343762.753346624,5703653.617063579,9128231.174820613
2015-08-06,7281102.832317614,5543234.045439777,8948409.797696343
2015-08-07,7680323.489142451,6052949.642511429,9368432.650348065
2015-08-08,6390566.631483924,4775912.766217651,8188146.870043986
2015-08-09,289799.60004169587,-1240070.5810980827,1967424.795779788
2015-08-10,8893197.475301394,7103319.37983371,10558927.336638834
2015-08-11,7676365.3198510725,5841089.355564831,9354026.7909695
2015-08-12,7307417.632561285,5680984.673643663,9025977.074713254
2015-08-13,7254718.6061433535,5562029.697253924,8976385.787501901
2015-08-14,7663296.528259013,5966574.5305154435,9305055.20765814
2015-08-15,6381826.171006467,4617591.601417894,8101976.000792933
2015-08-16,287847.6795889307,-1459922.7283632893,1988470.558415945
2015-08-17,8896164.328523414,7315395.278274875,10538068.056908859
2015-08-18,7682078.488877833,5930990.100223318,9335992.796228103
2015-08-19,7313482.636672664,5689260.752333513,8997653.810960239
2015-08-20,7258608.613372664,5529713.4265956115,8889189.183884775
2015-08-21,7662448.173993819,5874274.254365593,9295061.287896546
2015-08-22,6373738.45079265,4558031.627113546,7925386.160339563
2015-08-23,270180.7182129901,-1273660.62606623,1961287.701632975
2015-08-24,8866834.801374394,7237732.500231093,10468308.527219076
2015-08-25,7639348.5439675385,6060040.522480876,9330884.904546043
2015-08-26,7256039.335714692,5426467.530251554,8870165.087406488
2015-08-27,7185631.172802071,5497966.239336579,8855737.64364639
2015-08-28,7573660.635687408,5817588.624802454,9246238.736033067
2015-08-29,6269445.835582318,4573121.809590988,8020889.9444266325
2015-08-30,151287.20293672942,-1602959.798666944,1710042.8041516498
2015-08-31,8734842.996256607,7060200.868559671,10431829.09314887
2015-09-01,7496339.516436722,5788145.7718042275,9065301.328735756
2015-09-02,7104633.613075468,5430781.008038947,8805419.118499273
2015-09-03,7028931.540504018,5431945.083677993,8801555.742658868
2015-09-04,7415178.114745184,5668095.16388407,9069272.668478198
2015-09-05,6113010.752595163,4426675.291618629,7918119.127320017
2015-09-06,947.7455770205706,-1746187.826138019,1699220.092314088
2015-09-07,8594754.058688674,6840656.555146682,10316187.69124707
2015-09-08,7370644.972713983,5773154.258730937,9059905.6093744
2015-09-09,6997345.399115658,5308616.1725584585,8619336.684019508
2015-09-10,6943809.070956988,5249554.629107993,8639306.416004239
2015-09-11,7355611.602865343,5543224.820717994,8917960.938045992
